Link,Name,Address,Cars,Phone 1,Phone 2,Phone 3,Email 1,Email 2,Website 1
https://www.sauto.cz/detail-prodejce/1-velkoobchod-s-auty/9361,1. Velkoobchod s auty - Auta Losiná - Jiří Kordovský,"Losiná 292, 332 04 Losiná, okres Plzeň-město",60,+420 777 100 080,+420 602 413 705,,velkoobchodsauty@gmail.com,,https://www.velkoobchodsauty.cz/?utm_source=sauto&utm_medium=detail_prodejce
https://www.sauto.cz/detail-prodejce/apauto-grna/794,A & P - AUTO GRŇA,"Pod Hájem 97, 267 01 Králův Dvůr, okres Beroun",115,+420 602 385 197,+420 775 385 197,+420 777 851 031,autogrna@seznam.cz,,http://www.autogrna.cz?utm_source=sauto&utm_medium=detail_prodejce
https://www.sauto.cz/detail-prodejce/a-v-autobazar-rosice/2049,A+V AUTOBAZAR,"Brněnská 1343, 665 01 Rosice, okres Brno-venkov",106,+420 602 536 741,+420 546 211 430,+420 602 588 072,info@avautobazar.cz,,http://www.AVAUTOBAZAR.cz?utm_source=sauto&utm_medium=detail_prodejce
https://www.sauto.cz/detail-prodejce/acab1-enterprise-sro/8791,"A.C.A.B1 Enterprise, s.r.o.","Říčanská 431, 252 42 Jesenice, okres Praha-západ",24,+420 773 970 986,,,a.c.a.b1@email.cz,,
https://www.sauto.cz/detail-prodejce/apf-as/13512230,A.P.F.,"Na Svahu 260, 261 01 Příbram",2,+420 602 242 206,+420 721 855 854,,junior.vetrovsky@email.cz,radek.vetrovsky@email.cz,
https://www.sauto.cz/detail-prodejce/arc-autocentrum-sro/192096,"A.R.C. Autocentrum, s.r.o.","Křižíkova 2178, 256 01 Benešov",15,+420 602 342 392,,,prodej@arcautocentrum.cz,,https://www.arcautocentrum.cz/?utm_source=sauto&utm_medium=detail_prodejce
https://www.sauto.cz/detail-prodejce/aaa-auto/2,AAA AUTO,"Dopraváků 874/15, 184 00 Praha, část obce Čimice",8,+420 800 400 451,,,prodej@aaaauto.cz,,https://www.aaaauto.cz?utm_source=sauto&utm_medium=detail_prodejce
https://www.sauto.cz/detail-prodejce/ab-auto/4964,AB auto,"Brdská, Praha",30,+420 608 321 345,,,dominikk@seznam.cz,,http://www.abauto.cz?utm_source=sauto&utm_medium=detail_prodejce
https://www.sauto.cz/detail-prodejce/ab-auto-brejla-skoda-plus/13559559,AB Auto Brejla - Škoda Plus,"Ke Stadionu 2186, 256 01 Benešov",33,+420 604 144 174,+420 734 271 806,,skodaplus3@auto-brejla.cz,,https://brejla.skoda-auto.cz/?utm_source=sauto&utm_medium=detail_prodejce
https://www.sauto.cz/detail-prodejce/ab-auto-brejla-sro-citroen/9571,AB Auto Brejla s.r.o. - Citroën,"Vídeňská ev. č. 19, 148 00 Praha, část obce Kunratice",4,+420 244 913 000,,,citroen@auto-brejla.cz,,https://dealer.citroen.cz/abautobrejla?utm_source=sauto&utm_medium=detail_prodejce
https://www.sauto.cz/detail-prodejce/ab-auto-brejla-sro/7755,"AB Auto Brejla, s.r.o.","Vlasákova 1800, 258 01 Vlašim, okres Benešov",18,+420 724 056 006,,,skodaplus2@auto-brejla.cz,,http://www.auto-brejla.cz?utm_source=sauto&utm_medium=detail_prodejce
https://www.sauto.cz/detail-prodejce/ab-auto-brejla-sro/709,"AB Auto Brejla, s.r.o.","Automobilová 585, 252 50 Vestec, okres Praha-západ",83,+420 602 144 436,+420 244 912 000,+420 602 350 201,skodaplus1@auto-brejla.cz,,http://www.auto-brejla.cz?utm_source=sauto&utm_medium=detail_prodejce
https://www.sauto.cz/detail-prodejce/abc-automobile-sro/7589,ABC Automobile s.r.o.,"Plzeňská 1648, 266 01 Beroun",2,+420 603 261 426,+420 604 441 248,,kscar@volny.cz,,http://WWW.DODAVKY.DE?utm_source=sauto&utm_medium=detail_prodejce
https://www.sauto.cz/detail-prodejce/abt-czech-sro/13748182,ABT Czech s.r.o.,"Pod soutratím 1576/4, 101 00 Praha, část obce Vršovice",8,+420 722 363 636,,,sales@abt-czech.cz,,http://w.abt-czech.cz/?utm_source=sauto&utm_medium=detail_prodejce
https://www.sauto.cz/detail-prodejce/autocentrum-bohemia-sro/9395,AC Bohemia,"Pražákova 512/52, 619 00 Brno, část obce Horní Heršpice",2,+420 724 775 395,,,info.acbohemia@gmail.com,,
https://www.sauto.cz/detail-prodejce/acb-auta-sro/4532,ACB AUTA s.r.o.,"Náměstí 416, 373 81 Kamenný Újezd, okres České Budějovice",21,+420 603 474 833,+420 387 998 231,+420 602 544 895,acb.auta@seznam.cz,,http://www.acb-auta.cz?utm_source=sauto&utm_medium=detail_prodejce
https://www.sauto.cz/detail-prodejce/acura-spol-s-ro/419,ACURA spol. s r.o.,"Vinohradská 5647, 430 01 Chomutov",28,+420 602 140 320,+420 777 629 321,,autobazar@acura.cz,honda@acura.cz,http://www.acura.cz?utm_source=sauto&utm_medium=detail_prodejce
https://www.sauto.cz/detail-prodejce/adatec/3106,ADATEC - Daniel Skřivánek,"Čepirožská, Most",11,+420 777 297 928,+420 476 127 436,,info@adatecplus.cz,,http://www.adatecplus.cz?utm_source=sauto&utm_medium=detail_prodejce
https://www.sauto.cz/detail-prodejce/adiv-spol-s-r-o/8677,"ADIV, spol. s r. o.","Těšínská 3007/91, 746 01 Opava, část obce Předměstí",64,+420 553 623 123,+420 605 312 535,,skodaplus@adiv.cz,,http://www.adiv.cz?utm_source=sauto&utm_medium=detail_prodejce
https://www.sauto.cz/detail-prodejce/adjcz-auto/8165,ADJ.CZ AUTO - MAZDA JIHLAVA,"Romana Havelky 315/19a, 586 01 Jihlava, část obce Staré Hory",15,+420 567 587 561,,,mazda@adj.cz,adj@adj.cz,http://www.adj.cz?utm_source=sauto&utm_medium=detail_prodejce
